{
  "config": {
    "catalog_dir": "artifacts\\step7\\runs\\run_006_corrected\\eval_full\\catalog",
    "query_dataset": "data/processed_v2/hf",
    "query_split": "validation",
    "n_queries": 4254,
    "top_k": 10,
    "candidate_n": 200,
    "weight_image": 0.7,
    "exclude_self": true
  },
  "metrics": {
    "overall": {
      "material_match@10": 0.4875881523272214,
      "pattern_match@10": 0.37879642689233667,
      "category_match@10": 0.11506817113305125,
      "neckline_match@10": 0.09873060648801128,
      "sleeve_match@10": 0.3106958157028679,
      "material_match@10_known_only": 0.49174964438122326,
      "n_queries_with_known_material": 4218
    },
    "by_category": {
      "cardigans": {
        "material_match@10": 0.47096774193548385,
        "pattern_match@10": 0.357258064516129,
        "category_match@10": 0.10483870967741936,
        "neckline_match@10": 0.09919354838709678,
        "sleeve_match@10": 0.6943548387096774,
        "n_queries": 124
      },
      "tees": {
        "material_match@10": 0.5780931586608442,
        "pattern_match@10": 0.41382823871906843,
        "category_match@10": 0.15640465793304223,
        "neckline_match@10": 0.12278020378457061,
        "sleeve_match@10": 0.21098981077147014,
        "n_queries": 1374
      },
      "blouses": {
        "material_match@10": 0.3349540078843627,
        "pattern_match@10": 0.3568988173455979,
        "category_match@10": 0.07463863337713536,
        "neckline_match@10": 0.08304862023653088,
        "sleeve_match@10": 0.2943495400788436,
        "n_queries": 761
      },
      "shorts": {
        "material_match@10": 0.31455696202531647,
        "pattern_match@10": 0.47594936708860763,
        "category_match@10": 0.0018987341772151902,
        "neckline_match@10": 0.0,
        "sleeve_match@10": 0.0,
        "n_queries": 158
      },
      "dresses": {
        "material_match@10": 0.49381443298969074,
        "pattern_match@10": 0.32047128129602354,
        "category_match@10": 0.0731958762886598,
        "neckline_match@10": 0.10780559646539029,
        "sleeve_match@10": 0.20382916053019146,
        "n_queries": 679
      },
      "shirts": {
        "material_match@10": 0.5461538461538461,
        "pattern_match@10": 0.28923076923076924,
        "category_match@10": 0.0,
        "neckline_match@10": 0.007692307692307693,
        "sleeve_match@10": 0.4307692307692308,
        "n_queries": 65
      },
      "sweaters": {
        "material_match@10": 0.4406432748538011,
        "pattern_match@10": 0.34941520467836257,
        "category_match@10": 0.34093567251461987,
        "neckline_match@10": 0.12251461988304094,
        "sleeve_match@10": 0.7131578947368421,
        "n_queries": 342
      },
      "skirts": {
        "material_match@10": 0.5083333333333333,
        "pattern_match@10": 0.44305555555555554,
        "category_match@10": 0.037500000000000006,
        "neckline_match@10": 0.0,
        "sleeve_match@10": 0.0,
        "n_queries": 72
      },
      "rompers": {
        "material_match@10": 0.506,
        "pattern_match@10": 0.3413333333333334,
        "category_match@10": 0.02666666666666667,
        "neckline_match@10": 0.04066666666666667,
        "sleeve_match@10": 0.14,
        "n_queries": 150
      },
      "jackets": {
        "material_match@10": 0.5353488372093023,
        "pattern_match@10": 0.4306976744186046,
        "category_match@10": 0.10465116279069768,
        "neckline_match@10": 0.0986046511627907,
        "sleeve_match@10": 0.7995348837209303,
        "n_queries": 215
      },
      "pants": {
        "material_match@10": 0.5381578947368421,
        "pattern_match@10": 0.47236842105263155,
        "category_match@10": 0.0,
        "neckline_match@10": 0.0,
        "sleeve_match@10": 0.0,
        "n_queries": 76
      },
      "sweatshirts": {
        "material_match@10": 0.5770992366412213,
        "pattern_match@10": 0.3816793893129771,
        "category_match@10": 0.06641221374045803,
        "neckline_match@10": 0.13587786259541984,
        "sleeve_match@10": 0.8022900763358778,
        "n_queries": 131
      },
      "denim": {
        "material_match@10": 0.4166666666666667,
        "pattern_match@10": 0.4666666666666666,
        "category_match@10": 0.0,
        "neckline_match@10": 0.18333333333333335,
        "sleeve_match@10": 0.4583333333333333,
        "n_queries": 12
      },
      "graphic": {
        "material_match@10": 0.56875,
        "pattern_match@10": 0.26375000000000004,
        "category_match@10": 0.0037500000000000007,
        "neckline_match@10": 0.16,
        "sleeve_match@10": 0.065,
        "n_queries": 80
      },
      "leggings": {
        "material_match@10": 0.0,
        "pattern_match@10": 0.4916666666666667,
        "category_match@10": 0.0,
        "neckline_match@10": 0.0,
        "sleeve_match@10": 0.0,
        "n_queries": 12
      },
      "suiting": {
        "material_match@10": 0.26666666666666666,
        "pattern_match@10": 0.5333333333333333,
        "category_match@10": 0.0,
        "neckline_match@10": 0.03333333333333333,
        "sleeve_match@10": 0.9,
        "n_queries": 3
      }
    },
    "by_material": {
      "chiffon": {
        "material_match@10": 0.03695238095238096,
        "pattern_match@10": 0.3699047619047619,
        "category_match@10": 0.08780952380952381,
        "neckline_match@10": 0.08857142857142856,
        "sleeve_match@10": 0.30742857142857144,
        "n_queries": 525
      },
      "cotton": {
        "material_match@10": 0.6003302311618133,
        "pattern_match@10": 0.37565295706994895,
        "category_match@10": 0.11344941459021315,
        "neckline_match@10": 0.10261182827979586,
        "sleeve_match@10": 0.29102371660162113,
        "n_queries": 3331
      },
      "knit": {
        "material_match@10": 0.2537037037037037,
        "pattern_match@10": 0.3680555555555556,
        "category_match@10": 0.25601851851851853,
        "neckline_match@10": 0.12685185185185185,
        "sleeve_match@10": 0.6884259259259259,
        "n_queries": 216
      },
      "denim": {
        "material_match@10": 0.0024793388429752068,
        "pattern_match@10": 0.4809917355371901,
        "category_match@10": 0.04793388429752066,
        "neckline_match@10": 0.01900826446280992,
        "sleeve_match@10": 0.2165289256198347,
        "n_queries": 121
      },
      "leather": {
        "material_match@10": 0.0,
        "pattern_match@10": 0.47200000000000003,
        "category_match@10": 0.14800000000000002,
        "neckline_match@10": 0.055999999999999994,
        "sleeve_match@10": 0.5920000000000001,
        "n_queries": 25
      }
    }
  },
  "query_times": {
    "mean_ms": 5.971618700767269,
    "std_ms": 3.355946323423445,
    "p50_ms": 5.005598068237305,
    "p95_ms": 9.97657775878906,
    "p99_ms": 15.406513214111413
  }
}